id,season,city,date,team1,team2,toss_winner,toss_decision,result,dl_applied,winner,win_by_runs,win_by_wickets,player_of_match,venue,umpire1,umpire2,umpire3
1,2017,1,2017-04-05,10,3,3,10,normal,0,10,35,0,Yuvraj Singh,"Rajiv Gandhi International Stadium, Uppal",AY Dandekar,NJ Llong,
4,2017,4,2017-04-08,5,9,9,10,normal,0,9,0,6,GJ Maxwell,Holkar Cricket Stadium,AK Chaudhary,C Shamshuddin,
5,2017,5,2017-04-08,3,7,3,0,normal,0,3,15,0,KM Jadhav,M Chinnaswamy Stadium,,,
7,2017,6,2017-04-09,2,1,1,10,normal,0,1,0,4,N Rana,Wankhede Stadium,Nitin Menon,CK Nandan,
8,2017,4,2017-04-10,3,9,3,0,normal,0,9,0,8,AR Patel,Holkar Cricket Stadium,AK Chaudhary,C Shamshuddin,
10,2017,6,2017-04-12,10,1,1,10,normal,0,1,0,4,JJ Bumrah,Wankhede Stadium,Nitin Menon,CK Nandan,
11,2017,7,2017-04-13,9,2,2,10,normal,0,2,0,8,SP Narine,Eden Gardens,A Deshmukh,NJ Llong,
12,2017,5,2017-04-14,3,1,1,10,normal,0,1,0,4,KA Pollard,M Chinnaswamy Stadium,KN Ananthapadmanabhan,AK Chaudhary,
14,2017,7,2017-04-15,2,10,10,10,normal,0,2,17,0,RV Uthappa,Eden Gardens,AY Dandekar,NJ Llong,
15,2017,8,2017-04-15,7,9,7,0,normal,0,7,51,0,CJ Anderson,Feroz Shah Kotla,YC Barde,Nitin Menon,
17,2017,5,2017-04-16,5,3,3,10,normal,0,5,27,0,BA Stokes,M Chinnaswamy Stadium,KN Ananthapadmanabhan,C Shamshuddin,
18,2017,8,2017-04-17,7,2,7,0,normal,0,2,0,4,NM Coulter-Nile,Feroz Shah Kotla,Nitin Menon,CK Nandan,
19,2017,1,2017-04-17,10,9,9,10,normal,0,10,5,0,B Kumar,"Rajiv Gandhi International Stadium, Uppal",AY Dandekar,A Deshmukh,
21,2017,1,2017-04-19,10,7,10,0,normal,0,10,15,0,KS Williamson,"Rajiv Gandhi International Stadium, Uppal",CB Gaffaney,NJ Llong,
22,2017,4,2017-04-20,9,1,1,10,normal,0,1,0,8,JC Buttler,Holkar Cricket Stadium,M Erasmus,C Shamshuddin,
24,2017,6,2017-04-22,1,7,7,10,normal,0,1,14,0,MJ McClenaghan,Wankhede Stadium,A Nand Kishore,S Ravi,
27,2017,7,2017-04-23,2,3,3,10,normal,0,2,82,0,NM Coulter-Nile,Eden Gardens,CB Gaffaney,CK Nandan,
28,2017,6,2017-04-24,5,1,1,10,normal,0,5,3,0,BA Stokes,Wankhede Stadium,A Nand Kishore,S Ravi,
31,2017,7,2017-04-28,7,2,2,10,normal,0,2,0,7,G Gambhir,Eden Gardens,NJ Llong,S Ravi,
36,2017,1,2017-04-30,10,2,2,10,normal,0,10,48,0,DA Warner,"Rajiv Gandhi International Stadium, Uppal",AY Dandekar,S Ravi,
37,2017,6,2017-05-01,3,1,3,0,normal,0,1,0,5,RG Sharma,Wankhede Stadium,AK Chaudhary,CB Gaffaney,
39,2017,8,2017-05-02,10,7,7,10,normal,0,7,0,6,Mohammed Shami,Feroz Shah Kotla,YC Barde,Nitin Menon,
40,2017,7,2017-05-03,2,5,5,10,normal,0,5,0,4,RA Tripathi,Eden Gardens,KN Ananthapadmanabhan,A Nand Kishore,
42,2017,5,2017-05-05,9,3,3,10,normal,0,9,19,0,Sandeep Sharma,M Chinnaswamy Stadium,CB Gaffaney,C Shamshuddin,
43,2017,1,2017-05-06,5,10,10,10,normal,0,5,12,0,JD Unadkat,"Rajiv Gandhi International Stadium, Uppal",KN Ananthapadmanabhan,AK Chaudhary,
44,2017,8,2017-05-06,1,7,7,10,normal,0,1,146,0,LMP Simmons,Feroz Shah Kotla,Nitin Menon,CK Nandan,
45,2017,5,2017-05-07,3,2,2,10,normal,0,2,0,6,SP Narine,M Chinnaswamy Stadium,AY Dandekar,C Shamshuddin,
47,2017,1,2017-05-08,1,10,1,0,normal,0,10,0,7,S Dhawan,"Rajiv Gandhi International Stadium, Uppal",KN Ananthapadmanabhan,M Erasmus,
50,2017,6,2017-05-11,9,1,1,10,normal,0,9,7,0,WP Saha,Wankhede Stadium,A Deshmukh,A Nand Kishore,
51,2017,8,2017-05-12,7,5,7,0,normal,0,7,7,0,KK Nair,Feroz Shah Kotla,KN Ananthapadmanabhan,CK Nandan,
53,2017,7,2017-05-13,1,2,2,10,normal,0,1,9,0,AT Rayudu,Eden Gardens,A Nand Kishore,S Ravi,
55,2017,8,2017-05-14,3,7,3,0,normal,0,3,10,0,HV Patel,Feroz Shah Kotla,CK Nandan,C Shamshuddin,
56,2017,6,2017-05-16,5,1,1,10,normal,0,5,20,0,Washington Sundar,Wankhede Stadium,S Ravi,C Shamshuddin,
57,2017,5,2017-05-17,10,2,2,10,normal,1,2,0,7,NM Coulter-Nile,M Chinnaswamy Stadium,AK Chaudhary,Nitin Menon,
58,2017,5,2017-05-19,2,1,1,10,normal,0,1,0,6,KV Sharma,M Chinnaswamy Stadium,NJ Llong,Nitin Menon,
59,2017,1,2017-05-21,1,5,1,0,normal,0,1,1,0,KH Pandya,"Rajiv Gandhi International Stadium, Uppal",NJ Llong,S Ravi,
60,2008,5,2008-04-18,2,3,3,10,normal,0,2,140,0,BB McCullum,M Chinnaswamy Stadium,Asad Rauf,RE Koertzen,
62,2008,8,2008-04-19,6,7,6,0,normal,0,7,0,9,MF Maharoof,Feroz Shah Kotla,Aleem Dar,GA Pratapkumar,
63,2008,6,2008-04-20,1,3,1,0,normal,0,3,0,5,MV Boucher,Wankhede Stadium,SJ Davis,DJ Harper,
64,2008,7,2008-04-20,5,2,5,0,normal,0,2,0,5,DJ Hussey,Eden Gardens,BF Bowden,K Hariharan,
65,2008,10,2008-04-21,9,6,9,0,normal,0,6,0,6,SR Watson,Sawai Mansingh Stadium,Aleem Dar,RB Tiffin,
66,2008,1,2008-04-22,5,7,5,0,normal,0,7,0,9,V Sehwag,"Rajiv Gandhi International Stadium, Uppal",IL Howell,AM Saheba,
67,2008,11,2008-04-23,5,1,1,10,normal,0,5,6,0,ML Hayden,"MA Chidambaram Stadium, Chepauk",DJ Harper,GA Pratapkumar,
68,2008,1,2008-04-24,5,6,6,10,normal,0,6,0,3,YK Pathan,"Rajiv Gandhi International Stadium, Uppal",Asad Rauf,MR Benson,
70,2008,5,2008-04-26,3,6,6,10,normal,0,6,0,7,SR Watson,M Chinnaswamy Stadium,MR Benson,IL Howell,
71,2008,11,2008-04-26,2,5,2,0,normal,0,5,0,9,JDP Oram,"MA Chidambaram Stadium, Chepauk",BF Bowden,AV Jayaprakash,
72,2008,6,2008-04-27,1,5,5,10,normal,0,5,0,10,AC Gilchrist,Dr DY Patil Sports Academy,Asad Rauf,SL Shastri,
74,2008,5,2008-04-28,5,3,5,0,normal,0,5,13,0,MS Dhoni,M Chinnaswamy Stadium,BR Doctrove,RB Tiffin,
75,2008,7,2008-04-29,2,1,2,0,normal,0,1,0,7,ST Jayasuriya,Eden Gardens,BF Bowden,AV Jayaprakash,
76,2008,8,2008-04-30,7,3,3,10,normal,0,7,10,0,GD McGrath,Feroz Shah Kotla,Aleem Dar,I Shivram,
77,2008,1,2008-05-01,5,9,9,10,normal,0,9,0,7,SE Marsh,"Rajiv Gandhi International Stadium, Uppal",BR Doctrove,RB Tiffin,
78,2008,10,2008-05-01,6,2,6,0,normal,0,6,45,0,SA Asnodkar,Sawai Mansingh Stadium,RE Koertzen,GA Pratapkumar,
79,2008,11,2008-05-02,5,7,5,0,normal,0,7,0,8,V Sehwag,"MA Chidambaram Stadium, Chepauk",BF Bowden,K Hariharan,
80,2008,1,2008-05-25,5,3,5,0,normal,0,3,0,5,R Vinay Kumar,"Rajiv Gandhi International Stadium, Uppal",Asad Rauf,RE Koertzen,
82,2008,6,2008-05-04,1,7,7,10,normal,0,1,29,0,SM Pollock,Dr DY Patil Sports Academy,IL Howell,RE Koertzen,
83,2008,10,2008-05-04,5,6,5,0,normal,0,6,0,8,Sohail Tanvir,Sawai Mansingh Stadium,Asad Rauf,AV Jayaprakash,
84,2008,5,2008-05-05,3,9,9,10,normal,0,9,0,6,S Sreesanth,M Chinnaswamy Stadium,SJ Davis,BR Doctrove,
85,2008,11,2008-05-06,5,5,5,10,normal,0,5,0,7,AC Gilchrist,"MA Chidambaram Stadium, Chepauk",MR Benson,RB Tiffin,
86,2008,6,2008-05-07,6,1,1,10,normal,0,1,0,7,A Nehra,Dr DY Patil Sports Academy,DJ Harper,RE Koertzen,
87,2008,8,2008-05-08,7,5,5,10,normal,0,5,0,4,MS Dhoni,Feroz Shah Kotla,Aleem Dar,RB Tiffin,
88,2008,7,2008-05-08,2,3,2,0,normal,0,2,5,0,SC Ganguly,Eden Gardens,Asad Rauf,IL Howell,
89,2008,10,2008-05-09,5,6,6,10,normal,0,6,0,8,YK Pathan,Sawai Mansingh Stadium,MR Benson,AM Saheba,
90,2008,5,2008-05-28,3,1,1,10,normal,0,1,0,9,CRD Fernando,M Chinnaswamy Stadium,BF Bowden,AV Jayaprakash,
91,2008,11,2008-05-10,5,9,9,10,normal,0,5,18,0,L Balaji,"MA Chidambaram Stadium, Chepauk",AV Jayaprakash,BG Jerling,
92,2008,1,2008-05-11,2,5,2,0,normal,0,2,23,0,SC Ganguly,"Rajiv Gandhi International Stadium, Uppal",IL Howell,AM Saheba,
93,2008,10,2008-05-11,7,6,6,10,normal,0,6,0,3,SR Watson,Sawai Mansingh Stadium,SJ Davis,RE Koertzen,
95,2008,7,2008-05-13,2,7,2,0,normal,0,2,23,0,Shoaib Akhtar,Eden Gardens,Asad Rauf,IL Howell,
96,2008,6,2008-05-14,5,1,1,10,normal,0,1,0,9,ST Jayasuriya,Wankhede Stadium,BR Doctrove,AM Saheba,
98,2008,8,2008-05-15,7,5,5,10,normal,0,7,12,0,A Mishra,Feroz Shah Kotla,BG Jerling,GA Pratapkumar,
99,2008,6,2008-05-16,2,1,1,10,normal,0,1,0,8,SM Pollock,Wankhede Stadium,BR Doctrove,DJ Harper,
100,2008,8,2008-05-17,7,9,7,0,normal,1,9,6,0,DPMD Jayawardene,Feroz Shah Kotla,AV Jayaprakash,RE Koertzen,
101,2008,10,2008-05-17,6,3,3,10,normal,0,6,65,0,GC Smith,Sawai Mansingh Stadium,BF Bowden,SL Shastri,
102,2008,1,2008-05-18,1,5,5,10,normal,0,1,25,0,DJ Bravo,"Rajiv Gandhi International Stadium, Uppal",BR Doctrove,DJ Harper,
103,2008,7,2008-05-18,2,5,2,0,normal,1,5,3,0,M Ntini,Eden Gardens,Asad Rauf,K Hariharan,
104,2008,5,2008-05-19,3,7,7,10,normal,0,7,0,5,SP Goswami,M Chinnaswamy Stadium,SJ Davis,GA Pratapkumar,
105,2008,7,2008-05-20,2,6,6,10,normal,0,6,0,6,YK Pathan,Eden Gardens,BG Jerling,RE Koertzen,
106,2008,6,2008-05-21,9,1,1,10,normal,0,9,1,0,SE Marsh,Wankhede Stadium,BF Bowden,GA Pratapkumar,
107,2008,11,2008-05-21,3,5,3,0,normal,0,3,14,0,A Kumble,"MA Chidambaram Stadium, Chepauk",DJ Harper,I Shivram,
109,2008,8,2008-05-24,1,7,7,10,normal,0,7,0,5,KD Karthik,Feroz Shah Kotla,BF Bowden,K Hariharan,
110,2008,11,2008-05-24,6,5,6,0,normal,0,6,10,0,JA Morkel,"MA Chidambaram Stadium, Chepauk",DJ Harper,SL Shastri,
111,2008,5,2008-05-03,3,5,5,10,normal,0,3,3,0,P Kumar,M Chinnaswamy Stadium,BR Doctrove,SL Shastri,
112,2008,7,2008-05-25,9,2,9,0,normal,0,2,0,3,Umar Gul,Eden Gardens,SJ Davis,I Shivram,
113,2008,10,2008-05-26,1,6,6,10,normal,0,6,0,5,Sohail Tanvir,Sawai Mansingh Stadium,BF Bowden,K Hariharan,
114,2008,1,2008-05-27,5,5,5,0,normal,0,5,0,7,SK Raina,"Rajiv Gandhi International Stadium, Uppal",BG Jerling,AM Saheba,
115,2008,6,2008-05-30,6,7,7,10,normal,0,6,105,0,SR Watson,Wankhede Stadium,BF Bowden,RE Koertzen,
116,2008,6,2008-05-31,9,5,9,0,normal,0,5,0,9,M Ntini,Wankhede Stadium,Asad Rauf,DJ Harper,
117,2008,6,2008-06-01,5,6,6,10,normal,0,6,0,3,YK Pathan,Dr DY Patil Sports Academy,BF Bowden,RE Koertzen,
118,2009,10,2009-04-18,1,5,5,10,normal,0,1,19,0,SR Tendulkar,Newlands,BR Doctrove,K Hariharan,
119,2009,10,2009-04-18,3,6,3,0,normal,0,3,75,0,R Dravid,Newlands,BR Doctrove,RB Tiffin,
120,2009,10,2009-04-19,9,7,7,10,normal,1,7,0,10,DL Vettori,Newlands,MR Benson,SD Ranade,
121,2009,10,2009-04-19,2,5,2,0,normal,0,5,0,8,RP Singh,Newlands,MR Benson,BR Doctrove,
123,2009,1,2009-04-21,9,2,2,10,normal,1,2,11,0,CH Gayle,Kingsmead,DJ Harper,SD Ranade,
124,2009,10,2009-04-22,5,3,5,0,normal,0,5,24,0,AC Gilchrist,Newlands,M Erasmus,AM Saheba,
125,2009,1,2009-04-23,7,5,7,0,normal,0,7,9,0,AB de Villiers,Kingsmead,BR Doctrove,SJA Taufel,
126,2009,10,2009-04-23,6,2,2,10,tie,0,6,0,0,YK Pathan,Newlands,MR Benson,M Erasmus,
127,2009,1,2009-04-24,3,9,3,0,normal,0,9,0,7,RS Bopara,Kingsmead,BR Doctrove,TH Wijewardene,
128,2009,1,2009-04-25,5,1,5,0,normal,0,5,12,0,PP Ojha,Kingsmead,HDPK Dharmasena,SJA Taufel,
130,2009,10,2009-04-26,9,6,9,0,normal,0,9,27,0,KC Sangakkara,Newlands,M Erasmus,K Hariharan,
131,2009,1,2009-04-27,5,5,5,10,normal,0,5,0,6,HH Gibbs,Kingsmead,IL Howell,TH Wijewardene,
134,2009,1,2009-04-29,2,3,2,0,normal,0,3,0,5,MV Boucher,Kingsmead,MR Benson,TH Wijewardene,
135,2009,1,2009-04-29,9,1,9,0,normal,0,9,3,0,KC Sangakkara,Kingsmead,MR Benson,SL Shastri,
138,2009,6,2009-05-01,1,2,1,0,normal,0,1,9,0,JP Duminy,Buffalo Park,M Erasmus,SK Tarapore,
139,2009,1,2009-05-01,3,9,3,0,normal,0,3,8,0,Yuvraj Singh,Kingsmead,HDPK Dharmasena,S Ravi,
144,2009,6,2009-05-04,5,5,5,0,normal,0,5,78,0,MS Dhoni,Buffalo Park,BR Doctrove,M Erasmus,
145,2009,1,2009-05-05,6,9,9,10,normal,0,6,78,0,GC Smith,Kingsmead,SS Hazare,IL Howell,
146,2009,1,2009-05-05,2,7,2,0,normal,0,7,0,9,G Gambhir,Kingsmead,GAV Baxter,IL Howell,
150,2009,6,2009-05-08,1,7,1,0,normal,0,7,0,7,A Nehra,Buffalo Park,M Erasmus,SK Tarapore,
151,2009,1,2009-05-09,5,9,9,10,normal,0,9,0,3,DPMD Jayawardene,De Beers Diamond Oval,GAV Baxter,AM Saheba,
152,2009,1,2009-05-09,6,5,6,0,normal,0,5,0,7,S Badrinath,De Beers Diamond Oval,GAV Baxter,HDPK Dharmasena,
155,2009,1,2009-05-11,5,6,5,0,normal,0,5,53,0,DR Smith,De Beers Diamond Oval,GAV Baxter,HDPK Dharmasena,
158,2009,1,2009-05-13,7,5,5,10,normal,0,7,12,0,R Bhatia,Kingsmead,DJ Harper,SL Shastri,
159,2009,1,2009-05-14,5,3,5,0,normal,0,3,0,2,LRPL Taylor,Kingsmead,BR Doctrove,DJ Harper,
160,2009,1,2009-05-14,6,1,6,0,normal,0,6,2,0,SK Warne,Kingsmead,BR Doctrove,DJ Harper,
161,2009,8,2009-05-15,7,9,9,10,normal,0,9,0,6,B Lee,OUTsurance Oval,HDPK Dharmasena,IL Howell,
165,2009,8,2009-05-17,7,6,7,0,normal,0,7,14,0,AB de Villiers,OUTsurance Oval,SS Hazare,IL Howell,
168,2009,1,2009-05-20,6,2,2,10,normal,0,2,0,4,LR Shukla,Kingsmead,BG Jerling,SJA Taufel,
169,2009,1,2009-05-20,5,9,5,0,normal,0,5,24,0,M Muralitharan,Kingsmead,BG Jerling,SJA Taufel,
175,2010,6,2010-03-12,2,5,5,10,normal,0,2,11,0,AD Mathews,Dr DY Patil Sports Academy,RE Koertzen,RB Tiffin,
176,2010,6,2010-03-13,1,6,1,0,normal,0,1,4,0,YK Pathan,Brabourne Stadium,RE Koertzen,RB Tiffin,
178,2010,7,2010-03-14,3,2,2,10,normal,0,2,0,7,MK Tiwary,Eden Gardens,HDPK Dharmasena,AM Saheba,
179,2010,11,2010-03-14,5,5,5,0,normal,0,5,31,0,WPUJC Vaas,"MA Chidambaram Stadium, Chepauk",K Hariharan,DJ Harper,
180,2010,3,2010-03-15,6,7,7,10,normal,0,7,0,6,V Sehwag,"Sardar Patel Stadium, Motera",BG Jerling,RE Koertzen,
181,2010,5,2010-03-16,9,3,9,0,normal,0,3,0,8,JH Kallis,M Chinnaswamy Stadium,S Das,DJ Harper,
182,2010,7,2010-03-16,5,2,5,0,normal,0,5,55,0,MS Dhoni,Eden Gardens,HDPK Dharmasena,AM Saheba,
183,2010,8,2010-03-17,1,7,7,10,normal,0,1,98,0,SR Tendulkar,Feroz Shah Kotla,BR Doctrove,SK Tarapore,
184,2010,5,2010-03-18,6,3,3,10,normal,0,3,0,10,JH Kallis,M Chinnaswamy Stadium,K Hariharan,DJ Harper,
185,2010,8,2010-03-19,7,5,7,0,normal,0,5,0,5,ML Hayden,Feroz Shah Kotla,BR Doctrove,SK Tarapore,
186,2010,7,2010-03-19,5,9,9,10,normal,0,5,6,0,A Symonds,Barabati Stadium,BF Bowden,M Erasmus,
187,2010,3,2010-03-20,6,2,6,0,normal,0,6,34,0,AA Jhunjhunwala,"Sardar Patel Stadium, Motera",RE Koertzen,RB Tiffin,
188,2010,6,2010-03-20,1,3,1,0,normal,0,3,0,7,JH Kallis,Brabourne Stadium,HDPK Dharmasena,SS Hazare,
189,2010,7,2010-03-21,5,7,5,0,normal,0,5,10,0,A Symonds,Barabati Stadium,BF Bowden,M Erasmus,
190,2010,11,2010-03-21,9,5,5,10,tie,0,9,0,0,J Theron,"MA Chidambaram Stadium, Chepauk",K Hariharan,DJ Harper,
191,2010,6,2010-03-22,2,1,2,0,normal,0,1,0,7,SR Tendulkar,Brabourne Stadium,SS Hazare,SJA Taufel,
192,2010,5,2010-03-23,3,5,5,10,normal,0,3,36,0,RV Uthappa,M Chinnaswamy Stadium,RE Koertzen,RB Tiffin,
194,2010,6,2010-03-25,5,1,1,10,normal,0,1,0,5,SR Tendulkar,Brabourne Stadium,BF Bowden,AM Saheba,
195,2010,3,2010-03-26,5,6,5,0,normal,0,6,0,8,YK Pathan,"Sardar Patel Stadium, Motera",HDPK Dharmasena,SJA Taufel,
197,2010,5,2010-03-25,7,3,3,10,normal,0,7,17,0,KM Jadhav,M Chinnaswamy Stadium,BG Jerling,RE Koertzen,
198,2010,3,2010-03-28,6,5,6,0,normal,0,6,17,0,NV Ojha,"Sardar Patel Stadium, Motera",SS Hazare,SJA Taufel,
199,2010,6,2010-03-28,1,5,5,10,normal,0,1,41,0,Harbhajan Singh,Dr DY Patil Sports Academy,S Das,K Hariharan,
200,2010,8,2010-03-29,7,2,7,0,normal,0,7,40,0,DA Warner,Feroz Shah Kotla,SS Hazare,SJA Taufel,
201,2010,6,2010-03-30,9,1,1,10,normal,0,1,0,4,SL Malinga,Brabourne Stadium,BR Doctrove,SK Tarapore,
202,2010,11,2010-03-31,3,5,3,0,normal,0,5,0,5,M Vijay,"MA Chidambaram Stadium, Chepauk",BG Jerling,RE Koertzen,
203,2010,8,2010-03-31,7,6,7,0,normal,0,7,67,0,KD Karthik,Feroz Shah Kotla,HDPK Dharmasena,SJA Taufel,
204,2010,7,2010-04-01,2,5,2,0,normal,0,2,24,0,SC Ganguly,Eden Gardens,K Hariharan,DJ Harper,
206,2010,11,2010-04-03,5,6,5,0,normal,0,5,23,0,M Vijay,"MA Chidambaram Stadium, Chepauk",RE Koertzen,RB Tiffin,
207,2010,6,2010-04-03,1,5,1,0,normal,0,1,63,0,AT Rayudu,Brabourne Stadium,BR Doctrove,S Ravi,
208,2010,7,2010-04-04,2,9,2,0,normal,0,9,0,8,DPMD Jayawardene,Eden Gardens,S Asnani,DJ Harper,
209,2010,8,2010-04-04,7,3,7,0,normal,0,7,37,0,PD Collingwood,Feroz Shah Kotla,BF Bowden,M Erasmus,
211,2010,11,2010-04-06,5,1,5,0,normal,0,5,24,0,SK Raina,"MA Chidambaram Stadium, Chepauk",S Asnani,DJ Harper,
212,2010,10,2010-04-07,9,6,9,0,normal,0,6,0,9,MJ Lumb,Sawai Mansingh Stadium,S Ravi,SK Tarapore,
213,2010,7,2010-04-07,2,7,2,0,normal,0,2,14,0,SC Ganguly,Eden Gardens,BG Jerling,RE Koertzen,
214,2010,5,2010-04-08,3,5,5,10,normal,0,5,0,7,TL Suman,M Chinnaswamy Stadium,S Asnani,DJ Harper,
217,2010,5,2010-04-10,2,3,3,10,normal,0,3,0,7,R Vinay Kumar,M Chinnaswamy Stadium,K Hariharan,DJ Harper,
218,2010,8,2010-04-11,7,9,7,0,normal,0,9,0,7,PP Chawla,Feroz Shah Kotla,BF Bowden,AM Saheba,
219,2010,10,2010-04-11,1,6,6,10,normal,0,1,37,0,SR Tendulkar,Sawai Mansingh Stadium,BR Doctrove,SK Tarapore,
221,2010,6,2010-04-13,1,7,1,0,normal,0,1,39,0,KA Pollard,Brabourne Stadium,S Asnani,DJ Harper,
222,2010,11,2010-04-13,2,5,2,0,normal,0,5,0,9,R Ashwin,"MA Chidambaram Stadium, Chepauk",SS Hazare,SJA Taufel,
223,2010,10,2010-04-14,6,3,6,0,normal,0,3,0,5,KP Pietersen,Sawai Mansingh Stadium,BR Doctrove,S Ravi,
224,2010,11,2010-04-15,5,7,5,0,normal,0,7,0,6,G Gambhir,"MA Chidambaram Stadium, Chepauk",HDPK Dharmasena,SS Hazare,
225,2010,4,2010-04-16,9,5,5,10,normal,0,5,0,5,RG Sharma,Himachal Pradesh Cricket Association Stadium,M Erasmus,AM Saheba,
226,2010,5,2010-04-17,1,3,3,10,normal,0,1,57,0,R McLaren,M Chinnaswamy Stadium,HDPK Dharmasena,SJA Taufel,
227,2010,7,2010-04-17,6,2,6,0,normal,0,2,0,8,JD Unadkat,Eden Gardens,BG Jerling,RB Tiffin,
228,2010,4,2010-04-18,9,5,5,10,normal,0,5,0,6,MS Dhoni,Himachal Pradesh Cricket Association Stadium,BF Bowden,AM Saheba,
229,2010,8,2010-04-18,5,7,5,0,normal,0,5,11,0,A Symonds,Feroz Shah Kotla,BR Doctrove,SK Tarapore,
230,2010,7,2010-04-19,1,2,1,0,normal,0,2,0,9,M Kartik,Eden Gardens,BG Jerling,RE Koertzen,
231,2010,6,2010-04-21,1,3,1,0,normal,0,1,35,0,KA Pollard,Dr DY Patil Sports Academy,BR Doctrove,RB Tiffin,
232,2010,6,2010-04-22,5,5,5,0,normal,0,5,38,0,DE Bollinger,Dr DY Patil Sports Academy,BR Doctrove,RB Tiffin,
233,2010,6,2010-04-24,5,3,5,0,normal,0,3,0,9,A Kumble,Dr DY Patil Sports Academy,RE Koertzen,SJA Taufel,
234,2010,6,2010-04-25,5,1,5,0,normal,0,5,22,0,SK Raina,Dr DY Patil Sports Academy,RE Koertzen,SJA Taufel,
235,2011,11,2011-04-08,5,2,5,0,normal,0,5,2,0,S Anirudha,"MA Chidambaram Stadium, Chepauk",BR Doctrove,PR Reiffel,
236,2011,1,2011-04-09,5,6,6,10,normal,0,6,0,8,SK Trivedi,"Rajiv Gandhi International Stadium, Uppal",RE Koertzen,SK Tarapore,
238,2011,8,2011-04-10,7,1,7,0,normal,0,1,0,8,SL Malinga,Feroz Shah Kotla,AM Saheba,RB Tiffin,
240,2011,7,2011-04-11,2,5,2,0,normal,0,2,9,0,JH Kallis,Eden Gardens,RE Koertzen,SK Tarapore,
241,2011,10,2011-04-12,7,6,7,0,normal,0,6,0,6,SK Warne,Sawai Mansingh Stadium,Aleem Dar,RB Tiffin,
242,2011,5,2011-04-12,3,1,1,10,normal,0,1,0,9,SR Tendulkar,M Chinnaswamy Stadium,HDPK Dharmasena,AL Hill,
245,2011,1,2011-04-14,5,3,3,10,normal,0,5,33,0,DW Steyn,"Rajiv Gandhi International Stadium, Uppal",RE Koertzen,S Ravi,
246,2011,10,2011-04-15,6,2,2,10,normal,0,2,0,9,G Gambhir,Sawai Mansingh Stadium,Aleem Dar,SS Hazare,
248,2011,11,2011-04-16,5,3,5,0,normal,0,5,21,0,MEK Hussey,"MA Chidambaram Stadium, Chepauk",HDPK Dharmasena,AL Hill,
249,2011,1,2011-04-16,5,9,9,10,normal,0,9,0,8,PC Valthaty,"Rajiv Gandhi International Stadium, Uppal",RE Koertzen,S Ravi,
251,2011,7,2011-04-17,6,2,2,10,normal,0,2,0,8,L Balaji,Eden Gardens,Aleem Dar,RB Tiffin,
253,2011,8,2011-04-19,5,7,5,0,normal,0,5,16,0,S Sohal,Feroz Shah Kotla,PR Reiffel,RJ Tucker,
257,2011,6,2011-04-22,1,5,5,10,normal,0,1,8,0,Harbhajan Singh,Wankhede Stadium,Asad Rauf,AM Saheba,
258,2011,7,2011-04-22,2,3,3,10,normal,0,3,0,9,CH Gayle,Eden Gardens,SS Hazare,RB Tiffin,
259,2011,8,2011-04-23,7,9,9,10,normal,0,7,29,0,DA Warner,Feroz Shah Kotla,S Asnani,RE Koertzen,
260,2011,1,2011-04-24,1,5,5,10,normal,0,1,37,0,SL Malinga,"Rajiv Gandhi International Stadium, Uppal",HDPK Dharmasena,AL Hill,
263,2011,8,2011-04-26,7,3,3,10,normal,0,3,0,3,V Kohli,Feroz Shah Kotla,S Asnani,RJ Tucker,
266,2011,8,2011-04-28,2,7,7,10,normal,0,2,17,0,MK Tiwary,Feroz Shah Kotla,PR Reiffel,RJ Tucker,
267,2011,10,2011-04-29,1,6,6,10,normal,0,6,0,7,J Botha,Sawai Mansingh Stadium,Asad Rauf,SK Tarapore,
270,2011,7,2011-04-30,9,2,2,10,normal,0,2,0,8,Iqbal Abdulla,Eden Gardens,AM Saheba,SL Shastri,
272,2011,11,2011-05-01,5,5,5,0,normal,0,5,19,0,JA Morkel,"MA Chidambaram Stadium, Chepauk",Aleem Dar,RB Tiffin,
273,2011,6,2011-05-02,1,9,9,10,normal,0,1,23,0,KA Pollard,Wankhede Stadium,HDPK Dharmasena,PR Reiffel,
275,2011,1,2011-05-03,2,5,5,10,normal,0,2,20,0,YK Pathan,"Rajiv Gandhi International Stadium, Uppal",S Asnani,RJ Tucker,
276,2011,11,2011-05-04,6,5,6,0,normal,0,5,0,8,MEK Hussey,"MA Chidambaram Stadium, Chepauk",SS Hazare,RB Tiffin,
279,2011,1,2011-05-05,5,7,7,10,normal,0,7,0,4,V Sehwag,"Rajiv Gandhi International Stadium, Uppal",Asad Rauf,AM Saheba,
280,2011,5,2011-05-06,3,9,9,10,normal,0,3,85,0,CH Gayle,M Chinnaswamy Stadium,Aleem Dar,RB Tiffin,
281,2011,7,2011-05-07,5,2,5,0,normal,1,2,10,0,Iqbal Abdulla,Eden Gardens,Asad Rauf,PR Reiffel,
282,2011,6,2011-05-07,1,7,7,10,normal,0,1,32,0,AT Rayudu,Wankhede Stadium,K Hariharan,SJA Taufel,
285,2011,10,2011-05-09,5,6,6,10,normal,0,5,63,0,M Vijay,Sawai Mansingh Stadium,K Hariharan,SJA Taufel,
288,2011,10,2011-05-11,6,3,3,10,normal,0,3,0,9,S Aravind,Sawai Mansingh Stadium,HDPK Dharmasena,K Hariharan,
289,2011,11,2011-05-12,5,7,5,0,normal,0,5,18,0,MS Dhoni,"MA Chidambaram Stadium, Chepauk",AM Saheba,SL Shastri,
291,2011,5,2011-05-14,2,3,3,10,normal,1,3,0,4,CH Gayle,M Chinnaswamy Stadium,RE Koertzen,RB Tiffin,
292,2011,6,2011-05-14,5,1,5,0,normal,0,5,10,0,A Mishra,Wankhede Stadium,S Ravi,SK Tarapore,
293,2011,4,2011-05-15,9,7,7,10,normal,0,9,29,0,PP Chawla,Himachal Pradesh Cricket Association Stadium,Asad Rauf,SL Shastri,
296,2011,4,2011-05-17,9,3,9,0,normal,0,9,111,0,AC Gilchrist,Himachal Pradesh Cricket Association Stadium,Asad Rauf,AM Saheba,
299,2011,6,2011-05-20,1,6,1,0,normal,0,6,0,10,SR Watson,Wankhede Stadium,RE Koertzen,PR Reiffel,
300,2011,4,2011-05-21,5,9,9,10,normal,0,5,82,0,S Dhawan,Himachal Pradesh Cricket Association Stadium,Asad Rauf,AM Saheba,
302,2011,5,2011-05-22,5,3,3,10,normal,0,3,0,8,CH Gayle,M Chinnaswamy Stadium,K Hariharan,RE Koertzen,
303,2011,7,2011-05-22,2,1,1,10,normal,0,1,0,5,JEC Franklin,Eden Gardens,SK Tarapore,SJA Taufel,
304,2011,6,2011-05-24,3,5,5,10,normal,0,5,0,6,SK Raina,Wankhede Stadium,Asad Rauf,SJA Taufel,
305,2011,6,2011-05-25,2,1,1,10,normal,0,1,0,4,MM Patel,Wankhede Stadium,Asad Rauf,SJA Taufel,
306,2011,11,2011-05-27,3,1,1,10,normal,0,3,43,0,CH Gayle,"MA Chidambaram Stadium, Chepauk",Asad Rauf,SJA Taufel,
307,2011,11,2011-05-28,5,3,5,0,normal,0,5,58,0,M Vijay,"MA Chidambaram Stadium, Chepauk",Asad Rauf,SJA Taufel,
308,2012,11,2012-04-04,5,1,1,10,normal,0,1,0,8,RE Levi,"MA Chidambaram Stadium, Chepauk",JD Cloete,SJA Taufel,
309,2012,7,2012-04-05,2,7,7,10,normal,0,7,0,8,IK Pathan,Eden Gardens,S Asnani,HDPK Dharmasena,
311,2012,10,2012-04-06,6,9,9,10,normal,0,6,31,0,AM Rahane,Sawai Mansingh Stadium,BF Bowden,SK Tarapore,
312,2012,5,2012-04-07,3,7,7,10,normal,0,3,20,0,AB de Villiers,M Chinnaswamy Stadium,S Asnani,S Ravi,
313,2012,1,2012-04-07,5,5,5,10,normal,0,5,74,0,RA Jadeja,Dr. Y.S. Rajasekhara Reddy ACA-VDCA Cricket Stadium,JD Cloete,HDPK Dharmasena,
314,2012,10,2012-04-08,6,2,2,10,normal,0,6,22,0,BJ Hodge,Sawai Mansingh Stadium,BF Bowden,VA Kulkarni,
316,2012,1,2012-04-09,5,1,5,0,normal,0,1,0,5,RG Sharma,Dr. Y.S. Rajasekhara Reddy ACA-VDCA Cricket Stadium,AK Chaudhary,JD Cloete,
317,2012,5,2012-04-10,2,3,3,10,normal,0,2,42,0,L Balaji,M Chinnaswamy Stadium,S Ravi,RJ Tucker,
318,2012,8,2012-04-10,5,7,7,10,normal,0,7,0,8,M Morkel,Feroz Shah Kotla,Asad Rauf,SK Tarapore,
319,2012,6,2012-04-11,1,6,6,10,normal,0,1,27,0,KA Pollard,Wankhede Stadium,Aleem Dar,BNJ Oxenford,
320,2012,11,2012-04-12,3,5,3,0,normal,0,5,0,5,F du Plessis,"MA Chidambaram Stadium, Chepauk",HDPK Dharmasena,RJ Tucker,
322,2012,7,2012-04-13,6,2,6,0,normal,0,2,0,5,Shakib Al Hasan,Eden Gardens,Asad Rauf,S Asnani,
323,2012,8,2012-04-19,5,7,5,0,normal,0,7,0,5,KP Pietersen,Feroz Shah Kotla,BF Bowden,SK Tarapore,
325,2012,7,2012-04-15,9,2,2,10,normal,0,9,2,0,SP Narine,Eden Gardens,Asad Rauf,S Asnani,
326,2012,5,2012-04-15,6,3,6,0,normal,0,6,59,0,AM Rahane,M Chinnaswamy Stadium,JD Cloete,RJ Tucker,
327,2012,6,2012-04-16,1,7,7,10,normal,0,7,0,7,S Nadeem,Wankhede Stadium,BF Bowden,SK Tarapore,
328,2012,10,2012-04-17,5,6,5,0,normal,0,6,0,5,BJ Hodge,Sawai Mansingh Stadium,Aleem Dar,BNJ Oxenford,
331,2012,1,2012-05-10,5,7,5,0,normal,0,7,0,9,DA Warner,"Rajiv Gandhi International Stadium, Uppal",JD Cloete,SJA Taufel,
334,2012,11,2012-04-21,6,5,6,0,normal,0,5,0,7,F du Plessis,"MA Chidambaram Stadium, Chepauk",Aleem Dar,BNJ Oxenford,
336,2012,6,2012-04-22,1,9,1,0,normal,0,9,0,6,SE Marsh,Wankhede Stadium,S Ravi,RJ Tucker,
337,2012,7,2012-04-22,5,2,2,10,normal,0,2,0,5,B Lee,Barabati Stadium,BF Bowden,SK Tarapore,
338,2012,10,2012-04-23,3,6,6,10,normal,0,3,46,0,AB de Villiers,Sawai Mansingh Stadium,Asad Rauf,S Asnani,
342,2012,8,2012-04-27,7,1,1,10,normal,0,7,37,0,V Sehwag,Feroz Shah Kotla,Aleem Dar,BNJ Oxenford,
343,2012,11,2012-04-28,9,5,9,0,normal,0,9,7,0,Mandeep Singh,"MA Chidambaram Stadium, Chepauk",BF Bowden,SK Tarapore,
344,2012,7,2012-04-28,2,3,2,0,normal,0,2,47,0,G Gambhir,Eden Gardens,Asad Rauf,BR Doctrove,
345,2012,8,2012-04-29,7,6,7,0,normal,0,7,1,0,V Sehwag,Feroz Shah Kotla,S Ravi,RJ Tucker,
346,2012,6,2012-04-29,5,1,1,10,normal,0,1,0,5,DW Steyn,Wankhede Stadium,AK Chaudhary,BNJ Oxenford,
347,2012,11,2012-04-30,5,2,5,0,normal,0,2,0,5,G Gambhir,"MA Chidambaram Stadium, Chepauk",BF Bowden,C Shamshuddin,
349,2012,10,2012-05-01,6,7,6,0,normal,0,7,0,6,P Negi,Sawai Mansingh Stadium,JD Cloete,SJA Taufel,
350,2012,5,2012-05-02,3,9,9,10,normal,0,9,0,4,Azhar Mahmood,M Chinnaswamy Stadium,BF Bowden,C Shamshuddin,
352,2012,11,2012-05-04,5,5,5,0,normal,0,5,10,0,SK Raina,"MA Chidambaram Stadium, Chepauk",HDPK Dharmasena,BNJ Oxenford,
355,2012,6,2012-05-06,5,1,1,10,normal,0,1,0,2,DR Smith,Wankhede Stadium,Asad Rauf,S Asnani,
356,2012,5,2012-05-06,5,3,3,10,normal,0,3,0,5,AB de Villiers,M Chinnaswamy Stadium,HDPK Dharmasena,BNJ Oxenford,
357,2012,8,2012-05-07,7,2,7,0,normal,0,2,0,6,JH Kallis,Feroz Shah Kotla,JD Cloete,S Ravi,
359,2012,1,2012-05-08,9,5,5,10,normal,0,9,25,0,Mandeep Singh,"Rajiv Gandhi International Stadium, Uppal",HDPK Dharmasena,BNJ Oxenford,
360,2012,6,2012-05-09,1,3,3,10,normal,0,3,0,9,CH Gayle,Wankhede Stadium,BF Bowden,VA Kulkarni,
361,2012,10,2012-05-10,6,5,5,10,normal,0,5,0,4,BW Hilfenhaus,Sawai Mansingh Stadium,BNJ Oxenford,C Shamshuddin,
363,2012,7,2012-05-12,1,2,1,0,normal,0,1,27,0,RG Sharma,Eden Gardens,S Ravi,SJA Taufel,
364,2012,11,2012-05-12,7,5,5,10,normal,0,5,0,9,BW Hilfenhaus,"MA Chidambaram Stadium, Chepauk",S Das,BR Doctrove,
367,2012,5,2012-05-14,3,1,1,10,normal,0,1,0,5,AT Rayudu,M Chinnaswamy Stadium,S Das,BR Doctrove,
368,2012,7,2012-05-14,2,5,5,10,normal,0,5,0,5,MEK Hussey,Eden Gardens,JD Cloete,SJA Taufel,
369,2012,8,2012-05-15,9,7,9,0,normal,0,7,0,5,UT Yadav,Feroz Shah Kotla,HDPK Dharmasena,BNJ Oxenford,
370,2012,6,2012-05-16,2,1,1,10,normal,0,2,32,0,SP Narine,Wankhede Stadium,S Das,BR Doctrove,
371,2012,4,2012-05-17,5,9,9,10,normal,0,9,0,6,AC Gilchrist,Himachal Pradesh Cricket Association Stadium,VA Kulkarni,SK Tarapore,
372,2012,8,2012-05-17,3,7,7,10,normal,0,3,21,0,CH Gayle,Feroz Shah Kotla,HDPK Dharmasena,C Shamshuddin,
373,2012,1,2012-05-18,6,5,6,0,normal,0,5,0,5,DW Steyn,"Rajiv Gandhi International Stadium, Uppal",S Ravi,SJA Taufel,
374,2012,4,2012-05-19,9,7,7,10,normal,0,7,0,6,UT Yadav,Himachal Pradesh Cricket Association Stadium,BF Bowden,VA Kulkarni,
376,2012,1,2012-05-20,5,3,3,10,normal,0,5,9,0,DW Steyn,"Rajiv Gandhi International Stadium, Uppal",S Ravi,SJA Taufel,
377,2012,10,2012-05-20,6,1,6,0,normal,0,1,0,10,DR Smith,Sawai Mansingh Stadium,HDPK Dharmasena,C Shamshuddin,
379,2012,5,2012-05-23,5,1,1,10,normal,0,5,38,0,MS Dhoni,M Chinnaswamy Stadium,BF Bowden,HDPK Dharmasena,
380,2012,11,2012-05-25,5,7,7,10,normal,0,5,86,0,M Vijay,"MA Chidambaram Stadium, Chepauk",BR Doctrove,SJA Taufel,
381,2012,11,2012-05-27,5,2,5,0,normal,0,2,0,5,MS Bisla,"MA Chidambaram Stadium, Chepauk",BF Bowden,SJA Taufel,
382,2013,7,2013-04-03,7,2,2,10,normal,0,2,0,6,SP Narine,Eden Gardens,S Ravi,SJA Taufel,
383,2013,5,2013-04-04,3,1,1,10,normal,0,3,2,0,CH Gayle,M Chinnaswamy Stadium,VA Kulkarni,C Shamshuddin,
385,2013,8,2013-04-06,6,7,6,0,normal,0,6,5,0,R Dravid,Feroz Shah Kotla,S Das,C Shamshuddin,
386,2013,11,2013-04-06,1,5,1,0,normal,0,1,9,0,KA Pollard,"MA Chidambaram Stadium, Chepauk",M Erasmus,VA Kulkarni,
388,2013,1,2013-04-07,3,10,3,0,tie,0,10,0,0,GH Vihari,"Rajiv Gandhi International Stadium, Uppal",AK Chaudhary,S Ravi,
389,2013,10,2013-04-08,6,2,2,10,normal,0,6,19,0,SK Trivedi,Sawai Mansingh Stadium,Aleem Dar,S Das,
390,2013,6,2013-04-09,1,7,1,0,normal,0,1,44,0,KD Karthik,Wankhede Stadium,M Erasmus,VA Kulkarni,
392,2013,5,2013-04-11,2,3,3,10,normal,0,3,0,8,CH Gayle,M Chinnaswamy Stadium,Asad Rauf,AK Chaudhary,
394,2013,8,2013-04-12,7,10,7,0,normal,0,10,0,3,A Mishra,Feroz Shah Kotla,Aleem Dar,Subroto Das,
396,2013,11,2013-04-13,3,5,5,10,normal,0,5,0,4,RA Jadeja,"MA Chidambaram Stadium, Chepauk",Asad Rauf,AK Chaudhary,
397,2013,7,2013-04-14,2,10,2,0,normal,0,2,48,0,G Gambhir,Eden Gardens,M Erasmus,VA Kulkarni,
398,2013,10,2013-04-14,9,6,6,10,normal,0,6,0,6,JP Faulkner,Sawai Mansingh Stadium,Aleem Dar,C Shamshuddin,
401,2013,5,2013-04-16,7,3,3,10,tie,0,3,0,0,V Kohli,M Chinnaswamy Stadium,M Erasmus,VA Kulkarni,
403,2013,10,2013-04-17,6,1,6,0,normal,0,6,87,0,AM Rahane,Sawai Mansingh Stadium,Aleem Dar,C Shamshuddin,
404,2013,8,2013-04-18,5,7,5,0,normal,0,5,86,0,MEK Hussey,Feroz Shah Kotla,M Erasmus,VA Kulkarni,
405,2013,1,2013-04-19,9,10,9,0,normal,0,10,0,5,GH Vihari,"Rajiv Gandhi International Stadium, Uppal",HDPK Dharmasena,CK Nandan,
406,2013,7,2013-04-20,2,5,2,0,normal,0,5,0,4,RA Jadeja,Eden Gardens,Asad Rauf,AK Chaudhary,
407,2013,5,2013-04-20,6,3,3,10,normal,0,3,0,7,R Vinay Kumar,M Chinnaswamy Stadium,Aleem Dar,C Shamshuddin,
408,2013,8,2013-04-21,1,7,1,0,normal,0,7,0,9,V Sehwag,Feroz Shah Kotla,HDPK Dharmasena,S Ravi,
410,2013,11,2013-04-22,6,5,6,0,normal,0,5,0,5,MEK Hussey,"MA Chidambaram Stadium, Chepauk",S Asnani,AK Chaudhary,
412,2013,4,2013-05-16,9,7,7,10,normal,0,9,7,0,DA Miller,Himachal Pradesh Cricket Association Stadium,HDPK Dharmasena,S Ravi,
413,2013,7,2013-04-24,2,1,2,0,normal,0,1,0,5,DR Smith,Eden Gardens,HDPK Dharmasena,S Ravi,
414,2013,11,2013-04-25,10,5,10,0,normal,0,5,0,5,MS Dhoni,"MA Chidambaram Stadium, Chepauk",Aleem Dar,S Das,
415,2013,7,2013-04-26,9,2,9,0,normal,0,2,0,6,JH Kallis,Eden Gardens,CK Nandan,S Ravi,
416,2013,10,2013-04-27,10,6,10,0,normal,0,6,0,8,JP Faulkner,Sawai Mansingh Stadium,VA Kulkarni,K Srinath,
417,2013,6,2013-04-27,1,3,1,0,normal,0,1,58,0,DR Smith,Wankhede Stadium,Asad Rauf,S Asnani,
418,2013,11,2013-04-28,5,2,2,10,normal,0,5,14,0,MEK Hussey,"MA Chidambaram Stadium, Chepauk",Aleem Dar,SJA Taufel,
420,2013,10,2013-04-29,3,6,6,10,normal,0,6,0,4,SV Samson,Sawai Mansingh Stadium,M Erasmus,K Srinath,
421,2013,6,2013-04-29,1,9,1,0,normal,0,1,4,0,RG Sharma,Wankhede Stadium,Asad Rauf,AK Chaudhary,
423,2013,1,2013-05-01,1,10,1,0,normal,0,10,0,7,I Sharma,"Rajiv Gandhi International Stadium, Uppal",Asad Rauf,S Asnani,
424,2013,8,2013-05-01,2,7,2,0,normal,0,7,0,7,DA Warner,Shaheed Veer Narayan Singh International Stadium,HDPK Dharmasena,CK Nandan,
425,2013,11,2013-05-02,5,9,5,0,normal,0,5,15,0,SK Raina,"MA Chidambaram Stadium, Chepauk",M Erasmus,VA Kulkarni,
427,2013,7,2013-05-03,6,2,6,0,normal,0,2,0,8,YK Pathan,Eden Gardens,HDPK Dharmasena,CK Nandan,
428,2013,1,2013-05-04,7,10,7,0,normal,0,10,0,6,DJG Sammy,"Rajiv Gandhi International Stadium, Uppal",Asad Rauf,S Asnani,
429,2013,5,2013-05-14,3,9,9,10,normal,0,9,0,7,AC Gilchrist,M Chinnaswamy Stadium,HDPK Dharmasena,S Ravi,
430,2013,6,2013-05-05,1,5,1,0,normal,0,1,60,0,MG Johnson,Wankhede Stadium,HDPK Dharmasena,CK Nandan,
432,2013,5,2013-04-09,10,3,10,0,normal,0,3,0,7,V Kohli,M Chinnaswamy Stadium,S Ravi,SJA Taufel,
433,2013,10,2013-05-07,7,6,7,0,normal,0,6,0,9,AM Rahane,Sawai Mansingh Stadium,Aleem Dar,RJ Tucker,
434,2013,6,2013-05-07,1,2,1,0,normal,0,1,65,0,SR Tendulkar,Wankhede Stadium,HDPK Dharmasena,S Ravi,
435,2013,1,2013-05-08,5,10,10,10,normal,0,5,77,0,SK Raina,"Rajiv Gandhi International Stadium, Uppal",S Das,NJ Llong,
438,2013,8,2013-05-10,3,7,7,10,normal,0,3,4,0,JD Unadkat,Feroz Shah Kotla,NJ Llong,K Srinath,
441,2013,7,2013-05-12,3,2,2,10,normal,0,2,0,5,JH Kallis,JSCA International Stadium Complex,NJ Llong,K Srinath,
442,2013,10,2013-05-12,5,6,6,10,normal,0,6,0,5,SR Watson,Sawai Mansingh Stadium,HDPK Dharmasena,CK Nandan,
443,2013,8,2013-04-23,7,9,9,10,normal,0,9,0,5,Harmeet Singh,Feroz Shah Kotla,VA Kulkarni,K Srinath,
444,2013,6,2013-05-13,10,1,10,0,normal,0,1,0,7,KA Pollard,Wankhede Stadium,AK Chaudhary,SJA Taufel,
446,2013,11,2013-05-14,5,7,5,0,normal,0,5,33,0,MS Dhoni,"MA Chidambaram Stadium, Chepauk",C Shamshuddin,RJ Tucker,
447,2013,6,2013-05-15,1,6,6,10,normal,0,1,14,0,AP Tare,Wankhede Stadium,Asad Rauf,S Asnani,
449,2013,1,2013-05-17,10,6,10,0,normal,0,10,23,0,A Mishra,"Rajiv Gandhi International Stadium, Uppal",Asad Rauf,AK Chaudhary,
450,2013,4,2013-05-18,9,1,1,10,normal,0,9,50,0,Azhar Mahmood,Himachal Pradesh Cricket Association Stadium,HDPK Dharmasena,CK Nandan,
452,2013,5,2013-05-18,3,5,5,10,normal,0,3,24,0,V Kohli,M Chinnaswamy Stadium,C Shamshuddin,RJ Tucker,
453,2013,1,2013-05-19,2,10,2,0,normal,0,10,0,5,PA Patel,"Rajiv Gandhi International Stadium, Uppal",Asad Rauf,S Asnani,
454,2013,8,2013-05-21,5,1,5,0,normal,0,5,48,0,MEK Hussey,Feroz Shah Kotla,NJ Llong,RJ Tucker,
455,2013,8,2013-05-22,10,6,10,0,normal,0,6,0,4,BJ Hodge,Feroz Shah Kotla,S Ravi,RJ Tucker,
456,2013,7,2013-05-24,6,1,6,0,normal,0,1,0,4,Harbhajan Singh,Eden Gardens,C Shamshuddin,SJA Taufel,
457,2013,7,2013-05-26,1,5,1,0,normal,0,1,23,0,KA Pollard,Eden Gardens,HDPK Dharmasena,SJA Taufel,
478,2014,7,2014-05-02,5,2,5,0,normal,0,5,34,0,RA Jadeja,JSCA International Stadium Complex,AK Chaudhary,NJ Llong,
479,2014,6,2014-05-03,9,1,9,0,normal,0,1,0,5,CJ Anderson,Wankhede Stadium,BNJ Oxenford,C Shamshuddin,
480,2014,8,2014-05-03,7,6,6,10,normal,0,6,0,7,KK Nair,Feroz Shah Kotla,SS Hazare,S Ravi,
481,2014,5,2014-05-04,10,3,3,10,normal,0,3,0,4,AB de Villiers,M Chinnaswamy Stadium,HDPK Dharmasena,VA Kulkarni,
482,2014,3,2014-05-05,6,2,2,10,normal,0,6,10,0,PV Tambe,"Sardar Patel Stadium, Motera",NJ Llong,CK Nandan,
483,2014,8,2014-05-05,7,5,5,10,normal,0,5,0,8,DR Smith,Feroz Shah Kotla,RM Deshpande,BNJ Oxenford,
484,2014,6,2014-05-06,1,3,3,10,normal,0,1,19,0,RG Sharma,Wankhede Stadium,S Ravi,K Srinath,
485,2014,8,2014-05-07,7,2,7,0,normal,0,2,0,8,G Gambhir,Feroz Shah Kotla,BNJ Oxenford,C Shamshuddin,
486,2014,7,2014-05-07,9,5,5,10,normal,0,9,44,0,GJ Maxwell,Barabati Stadium,HDPK Dharmasena,PG Pathak,
487,2014,3,2014-05-08,10,6,6,10,normal,0,10,32,0,B Kumar,"Sardar Patel Stadium, Motera",AK Chaudhary,NJ Llong,
488,2014,5,2014-05-09,9,3,3,10,normal,0,9,32,0,Sandeep Sharma,M Chinnaswamy Stadium,S Ravi,K Srinath,
489,2014,8,2014-05-10,7,10,10,10,normal,1,10,0,8,DW Steyn,Feroz Shah Kotla,RM Deshpande,BNJ Oxenford,
490,2014,6,2014-05-10,1,5,5,10,normal,0,5,0,4,DR Smith,Wankhede Stadium,HDPK Dharmasena,VA Kulkarni,
491,2014,7,2014-05-11,9,2,2,10,normal,0,2,0,9,G Gambhir,Barabati Stadium,NJ Llong,CK Nandan,
492,2014,5,2014-05-11,3,6,3,0,normal,0,6,0,5,JP Faulkner,M Chinnaswamy Stadium,S Ravi,RJ Tucker,
493,2014,1,2014-05-12,10,1,10,0,normal,0,1,0,7,AT Rayudu,"Rajiv Gandhi International Stadium, Uppal",HDPK Dharmasena,VA Kulkarni,
494,2014,7,2014-05-13,6,5,6,0,normal,0,5,0,5,RA Jadeja,JSCA International Stadium Complex,BNJ Oxenford,C Shamshuddin,
495,2014,5,2014-05-13,3,7,7,10,normal,0,3,16,0,Yuvraj Singh,M Chinnaswamy Stadium,K Srinath,RJ Tucker,
496,2014,1,2014-05-14,10,9,9,10,normal,0,9,0,6,WP Saha,"Rajiv Gandhi International Stadium, Uppal",VA Kulkarni,PG Pathak,
497,2014,7,2014-05-14,1,2,2,10,normal,0,2,0,6,RV Uthappa,Barabati Stadium,AK Chaudhary,NJ Llong,
498,2014,3,2014-05-15,6,7,7,10,normal,0,6,62,0,AM Rahane,"Sardar Patel Stadium, Motera",S Ravi,RJ Tucker,
499,2014,7,2014-05-18,5,3,5,0,normal,0,3,0,5,AB de Villiers,JSCA International Stadium Complex,BNJ Oxenford,C Shamshuddin,
500,2014,1,2014-05-18,10,2,10,0,normal,0,2,0,7,UT Yadav,"Rajiv Gandhi International Stadium, Uppal",NJ Llong,CK Nandan,
501,2014,3,2014-05-19,1,6,1,0,normal,0,1,25,0,MEK Hussey,"Sardar Patel Stadium, Motera",S Ravi,RJ Tucker,
502,2014,8,2014-05-19,7,9,9,10,normal,0,9,0,4,AR Patel,Feroz Shah Kotla,HDPK Dharmasena,PG Pathak,
503,2014,1,2014-05-20,3,10,3,0,normal,0,10,0,7,DA Warner,"Rajiv Gandhi International Stadium, Uppal",AK Chaudhary,NJ Llong,
504,2014,7,2014-05-20,5,2,2,10,normal,0,2,0,8,RV Uthappa,Eden Gardens,RM Deshpande,C Shamshuddin,
506,2014,7,2014-05-22,2,3,3,10,normal,0,2,30,0,RV Uthappa,Eden Gardens,AK Chaudhary,CK Nandan,
507,2014,7,2014-05-22,5,10,10,10,normal,0,10,0,6,DA Warner,JSCA International Stadium Complex,BNJ Oxenford,C Shamshuddin,
508,2014,6,2014-05-23,1,7,7,10,normal,0,1,15,0,MEK Hussey,Wankhede Stadium,S Ravi,RJ Tucker,
510,2014,5,2014-05-24,3,5,5,10,normal,0,5,0,8,MS Dhoni,M Chinnaswamy Stadium,AK Chaudhary,NJ Llong,
511,2014,7,2014-05-24,10,2,2,10,normal,0,2,0,4,YK Pathan,Eden Gardens,RM Deshpande,BNJ Oxenford,
513,2014,6,2014-05-25,6,1,1,10,normal,0,1,0,5,CJ Anderson,Wankhede Stadium,K Srinath,RJ Tucker,
514,2014,7,2014-05-27,2,9,9,10,normal,0,2,28,0,UT Yadav,Eden Gardens,NJ Llong,S Ravi,
515,2014,6,2014-05-28,1,5,5,10,normal,0,5,0,7,SK Raina,Brabourne Stadium,VA Kulkarni,BNJ Oxenford,
516,2014,6,2014-05-30,9,5,5,10,normal,0,9,24,0,V Sehwag,Wankhede Stadium,HDPK Dharmasena,RJ Tucker,
517,2014,5,2014-06-01,9,2,2,10,normal,0,2,0,3,MK Pandey,M Chinnaswamy Stadium,HDPK Dharmasena,BNJ Oxenford,
518,2015,7,2015-04-08,1,2,2,10,normal,0,2,0,7,M Morkel,Eden Gardens,S Ravi,C Shamshuddin,
519,2015,11,2015-04-09,5,7,7,10,normal,0,5,1,0,A Nehra,"MA Chidambaram Stadium, Chepauk",RK Illingworth,VA Kulkarni,
521,2015,11,2015-04-11,5,10,5,0,normal,0,5,45,0,BB McCullum,"MA Chidambaram Stadium, Chepauk",RK Illingworth,VA Kulkarni,
522,2015,7,2015-04-11,2,3,3,10,normal,0,3,0,3,CH Gayle,Eden Gardens,S Ravi,C Shamshuddin,
523,2015,8,2015-04-12,7,6,6,10,normal,0,6,0,3,DJ Hooda,Feroz Shah Kotla,SD Fry,CB Gaffaney,
524,2015,6,2015-04-12,9,1,1,10,normal,0,9,18,0,GJ Bailey,Wankhede Stadium,AK Chaudhary,K Srinivasan,
525,2015,5,2015-04-13,3,10,10,10,normal,0,10,0,8,DA Warner,M Chinnaswamy Stadium,RM Deshpande,RK Illingworth,
526,2015,3,2015-04-14,1,6,1,0,normal,0,6,0,7,SPD Smith,"Sardar Patel Stadium, Motera",AK Chaudhary,SD Fry,
527,2015,7,2015-04-30,5,2,2,10,normal,0,2,0,7,AD Russell,Eden Gardens,AK Chaudhary,M Erasmus,
529,2015,1,2015-04-16,10,6,6,10,normal,0,6,0,6,AM Rahane,Dr. Y.S. Rajasekhara Reddy ACA-VDCA Cricket Stadium,PG Pathak,S Ravi,
530,2015,6,2015-04-17,1,5,1,0,normal,0,5,0,6,A Nehra,Wankhede Stadium,AK Chaudhary,M Erasmus,
531,2015,1,2015-04-18,7,10,7,0,normal,0,7,4,0,JP Duminy,Dr. Y.S. Rajasekhara Reddy ACA-VDCA Cricket Stadium,PG Pathak,S Ravi,
533,2015,3,2015-04-19,5,6,5,0,normal,0,6,0,8,AM Rahane,"Sardar Patel Stadium, Motera",AK Chaudhary,M Erasmus,
534,2015,5,2015-04-19,1,3,3,10,normal,0,1,18,0,Harbhajan Singh,M Chinnaswamy Stadium,RK Illingworth,VA Kulkarni,
535,2015,8,2015-04-20,7,2,2,10,normal,0,2,0,6,UT Yadav,Feroz Shah Kotla,SD Fry,CB Gaffaney,
536,2015,3,2015-04-21,6,9,9,10,tie,0,9,0,0,SE Marsh,"Sardar Patel Stadium, Motera",M Erasmus,S Ravi,
537,2015,1,2015-04-22,10,2,2,10,normal,1,10,16,0,DA Warner,Dr. Y.S. Rajasekhara Reddy ACA-VDCA Cricket Stadium,RK Illingworth,VA Kulkarni,
538,2015,5,2015-04-22,5,3,3,10,normal,0,5,27,0,SK Raina,M Chinnaswamy Stadium,JD Cloete,C Shamshuddin,
539,2015,8,2015-04-23,7,1,1,10,normal,0,7,37,0,SS Iyer,Feroz Shah Kotla,SD Fry,CK Nandan,
540,2015,3,2015-04-24,6,3,3,10,normal,0,3,0,9,MA Starc,"Sardar Patel Stadium, Motera",M Erasmus,S Ravi,
541,2015,6,2015-04-25,1,10,1,0,normal,0,1,20,0,SL Malinga,Wankhede Stadium,HDPK Dharmasena,CB Gaffaney,
542,2015,11,2015-04-25,5,9,5,0,normal,0,5,97,0,BB McCullum,"MA Chidambaram Stadium, Chepauk",JD Cloete,C Shamshuddin,
543,2015,8,2015-04-26,7,3,3,10,normal,0,3,0,10,VR Aaron,Feroz Shah Kotla,M Erasmus,S Ravi,
545,2015,7,2015-05-07,2,7,2,0,normal,0,2,13,0,PP Chawla,Eden Gardens,AK Chaudhary,M Erasmus,
546,2015,5,2015-04-29,3,6,6,10,no result,0,14,0,0,,M Chinnaswamy Stadium,JD Cloete,PG Pathak,
547,2015,11,2015-04-28,5,2,2,10,normal,0,5,2,0,DJ Bravo,"MA Chidambaram Stadium, Chepauk",RM Deshpande,VA Kulkarni,
548,2015,8,2015-05-01,9,7,7,10,normal,0,7,0,9,NM Coulter-Nile,Feroz Shah Kotla,RK Illingworth,S Ravi,
549,2015,6,2015-05-01,1,6,6,10,normal,0,1,8,0,AT Rayudu,Wankhede Stadium,HDPK Dharmasena,CK Nandan,
550,2015,5,2015-05-02,2,3,3,10,normal,0,3,0,7,Mandeep Singh,M Chinnaswamy Stadium,JD Cloete,PG Pathak,
551,2015,1,2015-05-02,10,5,5,10,normal,0,10,22,0,DA Warner,"Rajiv Gandhi International Stadium, Uppal",AK Chaudhary,K Srinivasan,
553,2015,6,2015-05-03,6,7,7,10,normal,0,6,14,0,AM Rahane,Brabourne Stadium,HDPK Dharmasena,CB Gaffaney,
554,2015,11,2015-05-04,5,3,5,0,normal,0,5,24,0,SK Raina,"MA Chidambaram Stadium, Chepauk",C Shamshuddin,K Srinath,
555,2015,7,2015-05-04,2,10,10,10,normal,0,2,35,0,UT Yadav,Eden Gardens,AK Chaudhary,M Erasmus,
556,2015,6,2015-05-05,7,1,7,0,normal,0,1,0,5,Harbhajan Singh,Wankhede Stadium,HDPK Dharmasena,CB Gaffaney,
557,2015,5,2015-05-06,3,9,9,10,normal,0,3,138,0,CH Gayle,M Chinnaswamy Stadium,RK Illingworth,VA Kulkarni,
558,2015,6,2015-05-07,10,6,6,10,normal,0,10,7,0,EJG Morgan,Brabourne Stadium,JD Cloete,C Shamshuddin,
559,2015,11,2015-05-08,5,1,5,0,normal,0,1,0,6,HH Pandya,"MA Chidambaram Stadium, Chepauk",CB Gaffaney,CK Nandan,
560,2015,7,2015-05-09,9,2,9,0,normal,0,2,0,1,AD Russell,Eden Gardens,AK Chaudhary,HDPK Dharmasena,
561,2015,8,2015-05-09,10,7,10,0,normal,0,10,6,0,MC Henriques,Shaheed Veer Narayan Singh International Stadium,VA Kulkarni,S Ravi,
562,2015,6,2015-05-10,3,1,3,0,normal,0,3,39,0,AB de Villiers,Wankhede Stadium,JD Cloete,C Shamshuddin,
563,2015,11,2015-05-10,5,6,5,0,normal,0,5,12,0,RA Jadeja,"MA Chidambaram Stadium, Chepauk",M Erasmus,CK Nandan,
564,2015,1,2015-05-11,10,9,10,0,normal,0,10,5,0,DA Warner,"Rajiv Gandhi International Stadium, Uppal",AK Chaudhary,HDPK Dharmasena,
565,2015,8,2015-05-12,5,7,5,0,normal,0,7,0,6,Z Khan,Shaheed Veer Narayan Singh International Stadium,RK Illingworth,VA Kulkarni,
567,2015,6,2015-05-14,1,2,2,10,normal,0,1,5,0,HH Pandya,Wankhede Stadium,RK Illingworth,VA Kulkarni,
568,2015,1,2015-05-15,10,3,10,0,normal,1,3,0,6,V Kohli,"Rajiv Gandhi International Stadium, Uppal",AK Chaudhary,HDPK Dharmasena,
570,2015,6,2015-05-16,6,2,6,0,normal,0,6,9,0,SR Watson,Brabourne Stadium,RM Deshpande,RK Illingworth,
571,2015,5,2015-05-17,7,3,3,10,no result,0,14,0,0,,M Chinnaswamy Stadium,HDPK Dharmasena,K Srinivasan,
572,2015,1,2015-05-17,10,1,10,0,normal,0,1,0,9,MJ McClenaghan,"Rajiv Gandhi International Stadium, Uppal",CB Gaffaney,K Srinath,
573,2015,6,2015-05-19,1,5,1,0,normal,0,1,25,0,KA Pollard,Wankhede Stadium,HDPK Dharmasena,RK Illingworth,
575,2015,7,2015-05-22,3,5,5,10,normal,0,5,0,3,A Nehra,JSCA International Stadium Complex,AK Chaudhary,CB Gaffaney,
576,2015,7,2015-05-24,1,5,5,10,normal,0,1,41,0,RG Sharma,Eden Gardens,HDPK Dharmasena,RK Illingworth,
577,2016,6,2016-04-09,1,5,1,0,normal,0,5,0,9,AM Rahane,Wankhede Stadium,HDPK Dharmasena,CK Nandan,
578,2016,7,2016-04-10,7,2,2,10,normal,0,2,0,9,AD Russell,Eden Gardens,S Ravi,C Shamshuddin,
580,2016,5,2016-04-12,3,10,10,10,normal,0,3,45,0,AB de Villiers,M Chinnaswamy Stadium,HDPK Dharmasena,VK Sharma,
581,2016,7,2016-04-13,2,1,1,10,normal,0,1,0,6,RG Sharma,Eden Gardens,Nitin Menon,S Ravi,
583,2016,8,2016-04-15,9,7,7,10,normal,0,7,0,8,A Mishra,Feroz Shah Kotla,S Ravi,C Shamshuddin,
584,2016,1,2016-04-16,10,2,10,0,normal,0,2,0,8,G Gambhir,"Rajiv Gandhi International Stadium, Uppal",AK Chaudhary,CK Nandan,
587,2016,5,2016-04-17,3,7,7,10,normal,0,7,0,7,Q de Kock,M Chinnaswamy Stadium,VA Kulkarni,A Nand Kishore,
588,2016,1,2016-04-18,1,10,10,10,normal,0,10,0,7,DA Warner,"Rajiv Gandhi International Stadium, Uppal",HDPK Dharmasena,VK Sharma,
590,2016,6,2016-04-20,3,1,1,10,normal,0,1,0,6,RG Sharma,Wankhede Stadium,AK Chaudhary,CK Nandan,
593,2016,8,2016-04-23,7,1,1,10,normal,0,7,10,0,SV Samson,Feroz Shah Kotla,S Ravi,C Shamshuddin,
594,2016,1,2016-04-23,9,10,10,10,normal,0,10,0,5,Mustafizur Rahman,"Rajiv Gandhi International Stadium, Uppal",AK Chaudhary,CK Nandan,
598,2016,1,2016-04-26,10,5,5,10,normal,1,5,34,0,AB Dinda,"Rajiv Gandhi International Stadium, Uppal",AY Dandekar,CK Nandan,
600,2016,6,2016-04-28,2,1,1,10,normal,0,1,0,6,RG Sharma,Wankhede Stadium,Nitin Menon,RJ Tucker,
602,2016,8,2016-04-30,7,2,2,10,normal,0,7,27,0,CR Brathwaite,Feroz Shah Kotla,KN Ananthapadmanabhan,M Erasmus,
603,2016,1,2016-04-30,10,3,3,10,normal,0,10,15,0,DA Warner,"Rajiv Gandhi International Stadium, Uppal",AK Chaudhary,HDPK Dharmasena,
606,2016,5,2016-05-02,3,2,2,10,normal,0,2,0,5,AD Russell,M Chinnaswamy Stadium,M Erasmus,S Ravi,
608,2016,7,2016-05-04,2,9,9,10,normal,0,2,7,0,AD Russell,Eden Gardens,AK Chaudhary,HDPK Dharmasena,
609,2016,8,2016-05-05,7,5,5,10,normal,0,5,0,7,AM Rahane,Feroz Shah Kotla,C Shamshuddin,RJ Tucker,
611,2016,5,2016-05-07,5,3,3,10,normal,0,3,0,7,V Kohli,M Chinnaswamy Stadium,CB Gaffaney,BNJ Oxenford,
613,2016,1,2016-05-08,10,1,1,10,normal,0,10,85,0,A Nehra,Dr. Y.S. Rajasekhara Reddy ACA-VDCA Cricket Stadium,S Ravi,C Shamshuddin,
616,2016,1,2016-05-10,10,5,10,0,normal,0,10,4,0,A Zampa,Dr. Y.S. Rajasekhara Reddy ACA-VDCA Cricket Stadium,CB Gaffaney,VK Sharma,
617,2016,5,2016-05-11,3,1,1,10,normal,0,1,0,6,KH Pandya,M Chinnaswamy Stadium,AY Dandekar,C Shamshuddin,
618,2016,1,2016-05-12,10,7,7,10,normal,0,7,0,7,CH Morris,"Rajiv Gandhi International Stadium, Uppal",K Bharatan,M Erasmus,
619,2016,1,2016-05-13,1,9,1,0,normal,0,9,0,7,MP Stoinis,Dr. Y.S. Rajasekhara Reddy ACA-VDCA Cricket Stadium,HDPK Dharmasena,CK Nandan,
621,2016,7,2016-05-14,5,2,5,0,normal,1,2,0,8,YK Pathan,Eden Gardens,A Nand Kishore,BNJ Oxenford,
623,2016,1,2016-05-15,1,7,7,10,normal,0,1,80,0,KH Pandya,Dr. Y.S. Rajasekhara Reddy ACA-VDCA Cricket Stadium,Nitin Menon,CK Nandan,
624,2016,7,2016-05-16,2,3,3,10,normal,0,3,0,9,V Kohli,Eden Gardens,CB Gaffaney,A Nand Kishore,
625,2016,1,2016-05-17,7,5,5,10,normal,1,5,19,0,AB Dinda,Dr. Y.S. Rajasekhara Reddy ACA-VDCA Cricket Stadium,Nitin Menon,C Shamshuddin,
626,2016,5,2016-05-18,3,9,9,10,normal,1,3,82,0,V Kohli,M Chinnaswamy Stadium,KN Ananthapadmanabhan,M Erasmus,
628,2016,8,2016-05-20,10,7,7,10,normal,0,7,0,6,KK Nair,Shaheed Veer Narayan Singh International Stadium,A Nand Kishore,BNJ Oxenford,
629,2016,1,2016-05-21,9,5,9,0,normal,0,5,0,4,MS Dhoni,Dr. Y.S. Rajasekhara Reddy ACA-VDCA Cricket Stadium,HDPK Dharmasena,Nitin Menon,
631,2016,7,2016-05-22,2,10,10,10,normal,0,2,22,0,YK Pathan,Eden Gardens,KN Ananthapadmanabhan,M Erasmus,
632,2016,8,2016-05-22,7,3,3,10,normal,0,3,0,6,V Kohli,Shaheed Veer Narayan Singh International Stadium,A Nand Kishore,BNJ Oxenford,
634,2016,8,2016-05-25,10,2,2,10,normal,0,10,22,0,MC Henriques,Feroz Shah Kotla,M Erasmus,C Shamshuddin,
636,2016,5,2016-05-29,10,3,10,0,normal,0,10,8,0,BCJ Cutting,M Chinnaswamy Stadium,HDPK Dharmasena,BNJ Oxenford,
29,2017,4,2017-04-26,5,2,2,10,normal,0,2,0,7,RV Uthappa,Maharashtra Cricket Association Stadium,AY Dandekar,NJ Llong,
33,2017,4,2017-04-29,5,3,3,10,normal,0,5,61,0,LH Ferguson,Maharashtra Cricket Association Stadium,KN Ananthapadmanabhan,M Erasmus,
210,2010,4,2010-04-05,6,5,6,0,normal,0,6,2,0,SK Warne,"Vidarbha Cricket Association Stadium, Jamtha",HDPK Dharmasena,SJA Taufel,
220,2010,4,2010-04-12,5,3,3,10,normal,0,5,13,0,Harmeet Singh,"Vidarbha Cricket Association Stadium, Jamtha",RE Koertzen,RB Tiffin,
378,2012,4,2012-05-22,2,7,2,0,normal,0,2,18,0,YK Pathan,Subrata Roy Sahara Stadium,BR Doctrove,SJA Taufel,
520,2015,4,2015-04-10,6,9,9,10,normal,0,6,26,0,JP Faulkner,Maharashtra Cricket Association Stadium,SD Fry,CB Gaffaney,
528,2015,4,2015-04-15,9,7,9,0,normal,0,7,0,5,MA Agarwal,Maharashtra Cricket Association Stadium,CB Gaffaney,K Srinath,
532,2015,4,2015-04-18,9,2,2,10,normal,0,2,0,4,AD Russell,Maharashtra Cricket Association Stadium,SD Fry,CK Nandan,
574,2015,4,2015-05-20,3,6,3,0,normal,0,3,71,0,AB de Villiers,Maharashtra Cricket Association Stadium,AK Chaudhary,C Shamshuddin,
596,2016,4,2016-04-24,5,2,2,10,normal,0,2,0,2,SA Yadav,Maharashtra Cricket Association Stadium,CB Gaffaney,A Nand Kishore,
605,2016,4,2016-05-01,5,1,1,10,normal,0,1,0,8,RG Sharma,Maharashtra Cricket Association Stadium,AY Dandekar,RJ Tucker,
35,2017,4,2017-04-30,7,9,9,10,normal,0,9,0,10,Sandeep Sharma,"Punjab Cricket Association IS Bindra Stadium, Mohali",YC Barde,CK Nandan,
48,2017,4,2017-05-09,9,2,2,10,normal,0,9,14,0,MM Sharma,"Punjab Cricket Association IS Bindra Stadium, Mohali",A Nand Kishore,S Ravi,
69,2008,4,2008-04-25,9,1,1,10,normal,0,9,66,0,KC Sangakkara,"Punjab Cricket Association Stadium, Mohali",Aleem Dar,AM Saheba,
73,2008,4,2008-04-27,7,9,7,0,normal,0,9,0,4,SM Katich,"Punjab Cricket Association Stadium, Mohali",RE Koertzen,I Shivram,
81,2008,4,2008-05-03,9,2,9,0,normal,0,9,9,0,IK Pathan,"Punjab Cricket Association Stadium, Mohali",DJ Harper,I Shivram,
94,2008,4,2008-05-12,3,9,3,0,normal,0,9,0,9,SE Marsh,"Punjab Cricket Association Stadium, Mohali",BR Doctrove,I Shivram,
97,2008,4,2008-05-28,9,6,6,10,normal,0,9,41,0,SE Marsh,"Punjab Cricket Association Stadium, Mohali",SJ Davis,K Hariharan,
108,2008,4,2008-05-23,5,9,9,10,normal,0,9,0,6,SE Marsh,"Punjab Cricket Association Stadium, Mohali",Asad Rauf,SJ Davis,
215,2010,4,2010-04-09,1,9,1,0,normal,0,9,0,6,KC Sangakkara,"Punjab Cricket Association Stadium, Mohali",M Erasmus,AM Saheba,
243,2011,4,2011-04-13,5,9,9,10,normal,0,9,0,6,PC Valthaty,"Punjab Cricket Association Stadium, Mohali",Asad Rauf,SL Shastri,
256,2011,4,2011-04-21,9,6,6,10,normal,0,9,48,0,SE Marsh,"Punjab Cricket Association Stadium, Mohali",S Asnani,PR Reiffel,
287,2011,4,2011-05-10,9,1,1,10,normal,0,9,76,0,BA Bhatt,"Punjab Cricket Association Stadium, Mohali",SK Tarapore,RJ Tucker,
366,2012,4,2012-05-13,5,9,5,0,normal,0,9,0,4,DJ Hussey,"Punjab Cricket Association Stadium, Mohali",HDPK Dharmasena,BNJ Oxenford,
400,2013,4,2013-04-16,9,2,2,10,normal,0,9,4,0,MS Gony,"Punjab Cricket Association Stadium, Mohali",CK Nandan,SJA Taufel,
448,2013,4,2013-05-06,3,9,9,10,normal,0,9,0,6,DA Miller,"Punjab Cricket Association Stadium, Mohali",VA Kulkarni,NJ Llong,
509,2014,4,2014-05-23,9,6,6,10,normal,0,9,16,0,SE Marsh,"Punjab Cricket Association Stadium, Mohali",HDPK Dharmasena,PG Pathak,
512,2014,4,2014-05-25,7,9,9,10,normal,0,9,0,7,M Vohra,"Punjab Cricket Association Stadium, Mohali",HDPK Dharmasena,VA Kulkarni,
566,2015,4,2015-05-13,9,3,3,10,normal,0,9,22,0,AR Patel,"Punjab Cricket Association Stadium, Mohali",JD Cloete,C Shamshuddin,
586,2016,4,2016-04-17,5,9,5,0,normal,0,9,0,6,M Vohra,"Punjab Cricket Association IS Bindra Stadium, Mohali",S Ravi,C Shamshuddin,
612,2016,4,2016-05-07,9,7,7,10,normal,0,9,9,0,MP Stoinis,"Punjab Cricket Association IS Bindra Stadium, Mohali",HDPK Dharmasena,CK Nandan,
142,2009,4,2009-05-03,2,9,2,0,normal,0,9,0,6,DPMD Jayawardene,St George's Park,S Asnani,MR Benson,
137,2009,11,2009-04-30,5,6,6,10,normal,0,5,38,0,SK Raina,SuperSport Park,GAV Baxter,RE Koertzen,
147,2009,11,2009-05-06,5,1,5,0,normal,0,5,19,0,RG Sharma,SuperSport Park,MR Benson,HDPK Dharmasena,
149,2009,11,2009-05-07,5,9,5,0,normal,1,5,12,0,ML Hayden,SuperSport Park,DJ Harper,TH Wijewardene,
172,2009,11,2009-05-22,7,5,5,10,normal,0,5,0,6,AC Gilchrist,SuperSport Park,BR Doctrove,DJ Harper,
133,2009,10,2009-04-28,7,6,7,0,normal,0,6,0,5,YK Pathan,SuperSport Park,GAV Baxter,RE Koertzen,
148,2009,10,2009-05-07,3,6,6,10,normal,0,6,0,7,A Singh,SuperSport Park,K Hariharan,DJ Harper,
136,2009,8,2009-04-30,5,7,7,10,normal,0,7,0,6,DP Nannes,SuperSport Park,GAV Baxter,AM Saheba,
170,2009,8,2009-05-21,1,7,7,10,normal,0,7,0,4,V Sehwag,SuperSport Park,IL Howell,S Ravi,
156,2009,5,2009-05-12,2,3,3,10,normal,0,3,0,6,LRPL Taylor,SuperSport Park,M Erasmus,SS Hazare,
171,2009,5,2009-05-21,3,5,3,0,normal,0,3,12,0,MK Pandey,SuperSport Park,IL Howell,S Ravi,
143,2009,5,2009-05-03,1,3,1,0,normal,0,3,0,9,JH Kallis,New Wanderers Stadium,RE Koertzen,TH Wijewardene,
167,2009,5,2009-05-19,7,3,7,0,normal,0,3,0,7,JH Kallis,New Wanderers Stadium,IL Howell,RB Tiffin,
173,2009,5,2009-05-23,5,3,3,10,normal,0,3,0,6,MK Pandey,New Wanderers Stadium,RE Koertzen,SJA Taufel,
141,2009,11,2009-05-02,5,7,7,10,normal,0,5,18,0,SB Jakati,New Wanderers Stadium,DJ Harper,RE Koertzen,
163,2009,11,2009-05-16,2,5,5,10,normal,0,5,0,6,RG Sharma,New Wanderers Stadium,RE Koertzen,S Ravi,
174,2009,11,2009-05-24,5,3,3,10,normal,0,5,6,0,A Kumble,New Wanderers Stadium,RE Koertzen,SJA Taufel,
460,2014,4,2014-04-18,5,9,5,0,normal,0,9,0,6,GJ Maxwell,Sheikh Zayed Stadium,RK Illingworth,C Shamshuddin,
472,2014,4,2014-04-26,9,2,2,10,normal,0,9,23,0,Sandeep Sharma,Sheikh Zayed Stadium,HDPK Dharmasena,RK Illingworth,
461,2014,10,2014-04-18,10,6,6,10,normal,0,6,0,4,AM Rahane,Sheikh Zayed Stadium,BF Bowden,RK Illingworth,
471,2014,10,2014-04-26,3,6,6,10,normal,0,6,0,6,PV Tambe,Sheikh Zayed Stadium,HDPK Dharmasena,C Shamshuddin,
476,2014,10,2014-04-29,6,2,6,0,tie,0,6,0,0,JP Faulkner,Sheikh Zayed Stadium,Aleem Dar,AK Chaudhary,
464,2014,4,2014-04-20,6,9,9,10,normal,0,9,0,7,GJ Maxwell,Sharjah Cricket Stadium,BF Bowden,M Erasmus,
466,2014,4,2014-04-22,9,10,10,10,normal,0,9,72,0,GJ Maxwell,Sharjah Cricket Stadium,M Erasmus,S Ravi,
468,2014,7,2014-04-24,2,3,3,10,normal,0,2,2,0,CA Lynn,Sharjah Cricket Stadium,Aleem Dar,VA Kulkarni,
459,2014,5,2014-04-17,7,3,3,10,normal,0,3,0,8,YS Chahal,Sharjah Cricket Stadium,Aleem Dar,S Ravi,
474,2014,11,2014-04-27,10,5,10,0,normal,0,5,0,5,DR Smith,Sharjah Cricket Stadium,AK Chaudhary,VA Kulkarni,
473,2014,8,2014-04-27,1,7,1,0,normal,0,7,0,6,M Vijay,Sharjah Cricket Stadium,Aleem Dar,VA Kulkarni,
469,2014,1,2014-04-25,10,7,10,0,normal,0,10,4,0,AJ Finch,Dubai International Cricket Stadium,M Erasmus,S Ravi,
477,2014,1,2014-04-30,10,1,1,10,normal,0,10,15,0,B Kumar,Dubai International Cricket Stadium,HDPK Dharmasena,M Erasmus,
467,2014,11,2014-04-23,5,6,6,10,normal,0,5,7,0,RA Jadeja,Dubai International Cricket Stadium,HDPK Dharmasena,RK Illingworth,
470,2014,11,2014-04-25,1,5,1,0,normal,0,5,0,7,MM Sharma,Dubai International Cricket Stadium,BF Bowden,M Erasmus,
462,2014,5,2014-04-19,1,3,3,10,normal,0,3,0,7,PA Patel,Dubai International Cricket Stadium,Aleem Dar,AK Chaudhary,
463,2014,8,2014-04-19,2,7,2,0,normal,0,7,0,4,JP Duminy,Dubai International Cricket Stadium,Aleem Dar,VA Kulkarni,
475,2014,4,2014-04-28,3,9,9,10,normal,0,9,0,5,Sandeep Sharma,Dubai International Cricket Stadium,BF Bowden,S Ravi,
